James,Anderson,Teacher,10000010-00004,TRUE,test9+2@gedu-demo-pearson.com,LM Austin High School
Joseph,Anderson,Principal,,FALSE,test8+3@gedu-demo-pearson.com,LM Austin High School
ceaser,bosch,Teacher,10000010-00002,FALSE,test9+1@gedu-demo-pearson.com,LM Austin High School
alexander,nicole,Principal,10000010-00001,FALSE,test8+1@gedu-demo-pearson.com,LM Austin High School
Christopher,Smith,Teacher,,FALSE,test9+3@gedu-demo-pearson.com,LM Austin High School
John,Smith,Principal,10000010-00003,TRUE,test8+2@gedu-demo-pearson.com,LM Austin High School
Paul,Anderson,Teacher,,FALSE,ssnehal781+1@gmail.com,LM CertTSRD1 High School
Daniel,Clark,Principal,,FALSE,ag7087159+1@gmail.com,LM CertTSRD1 High School
Robert,Clark,Principal,10000011-00003,TRUE,as2833970+1@gmail.com,LM CertTSRD1 High School
avinash,sharma,Principal,10000011-00001,FALSE,nicolealexander734+1@gmail.com,LM CertTSRD1 High School
saurya,sharma,Teacher,10000011-00002,FALSE,boschceaser98+1@gmail.com,LM CertTSRD1 High School
Michael,Smith,Teacher,10000011-00004,TRUE,ssaurya573+1@gmail.com,LM CertTSRD1 High School
George,Anderson,Principal,,FALSE,ag7087159+2@gmail.com,LM PPETSRD3 High School
Richard,Clark,Principal,10000013-00003,TRUE,as2833970+2@gmail.com,LM PPETSRD3 High School
Charles,Smith,Teacher,10000013-00004,TRUE,ssaurya573+2@gmail.com,LM PPETSRD3 High School
Steven,Smith,Teacher,,FALSE,ssnehal781+2@gmail.com,LM PPETSRD3 High School
anshu,verma,Teacher,10000013-00002,FALSE,boschceaser98+2@gmail.com,LM PPETSRD3 High School
ayush,verma,Principal,10000013-00001,FALSE,nicolealexander734+2@gmail.com,LM PPETSRD3 High School
William,Anderson,Principal,10000012-00003,TRUE,test8+7@gedu-demo-pearson.com,LM Test School5 PPE
Jason,Clark,Teacher,,FALSE,test9+8@gedu-demo-pearson.com,LM Test School5 PPE
abhishek,gupta,Principal,10000012-00001,FALSE,test8+5@gedu-demo-pearson.com,LM Test School5 PPE
snehal,sharma,Teacher,10000012-00002,FALSE,test9+5@gedu-demo-pearson.com,LM Test School5 PPE
David,Smith,Teacher,10000012-00004,TRUE,test9+7@gedu-demo-pearson.com,LM Test School5 PPE
Mark,Smith,Principal,,FALSE,test8+8@gedu-demo-pearson.com,LM Test School5 PPE
